id,title,numviews
00afa3a3b075465d9684b655d3e65776,SSGIS - Improvements - Model Analysis 2013,60
0145e6f5120649e88e77a3f5baf43d69,HRSD Public Map,25
0161b9c9bfc849ad94e449b3ec8da8ef,TSD_Odor_ComplaintsSampling_edit,93
01ac746567634fc39ed1487ff8a55ee9,WaterQuality_TSD_SamplingSites_Editor_DB4,22
01fcf9ccf71c4b5bb6883340bff35f24,FieldWorkerApp-MWTST1,755
02056af0c8e64fc69a04389f94b8d991,GPS_PMI_SmallCommunities,138
0254072f46654bc2b216c8be049c5622,Small Communities System Map,25
0284ade75b354783a10f5cce55d44e2a,SS_INT_ValveOps_edit_secured,59
03033424feed42b38d9e0d4850320286,Small Communities System Map,767
0357911e89384a5e81aba2ce4a150592,Hilton Beach Monitoring and Source Tracking 2014-2015 cont.,348
03a6085f7b984b7791007df6b68e7a55,SS_INT_FMAA_edits_secured,2875
041dba69163940ea86e38819d7bc034a,Biosolids Application Web App,170
046d05797c0b46fb95e800810fa5b1b4,Monitoring PI Live Data - (LLS Version),37
04754c4c48514801aadcc569072b7258,ValveGuides,51
04836098c7d34b4087676586dca8c135,SCADA Sites,137
0522c229ac9941689554771a88c918e5,HRSD Dispatch Webmap HRSDNS - MWTST1,770
05a8ca7b2a8d4600b2e2c0a0f41f9382,LOCALITY_Stormwater_secured-ags3,17
06175089f94d48c297e13724db6c4dba,Payment Locations,4506
06496ff8e9ca4848b6c573b577d2af2b,Created Data Map,33
076f9afc24234ab5a44dd6e17b6077b6,HRSD - FNOD Site,151
07ddbaa265a54493b500d4b352867361,Regional Hydraulic Model,25
07fa95d8cca74bc7a7d4b52084e0a922,CommunityEducationData,3660
0826468e23f44695a36564276716eb9e,CIS_InspectorZones_Draft,8
098211905adc46fd867576bab4a5121e,North Shore Dispatcher - MWTST2,67
098a83293bc0400998efc589a454576c,ServiceArea_TreatmentPlant,1604
0a269a7a8d0d4fb1bc0688e4499f5be1,Treatment Plant Map,525
0a2c6ead6f8e405e9a2dc194a041ce84,FindMeters,30
0a4cfa4c62f24ce78608a25f4095c639,SCD_DetailMap_PnP,8749
0a4def7405df4e2ebd21091f28f00159,North Shore PM,2581
0aa6a1d9a5794fa195bd665396b71d3e,CCB25 TEST -- HRSD Dispatch Webmap HRSDSS - MWMRM2,500
0ace8d21fa93403a83fc695133a391c4,NOAA data,59
0b102a4c5f674e5ca73b8cdc0cd1a031,Modern Antique,32
0b37b06653504582b2328e5ad391b43f,D3 Tag Viz,37
0b595fec1e3b45c893f3d8fe682ba778,INT_PM_infrastructure,23
0c1ea8eb42e0497880a8271b8fab1241,NS_INT_PM_edit_secured_DB4,22
0c58654ae5e54a8fafb9953824ecc016,ER_LR sampling event 021114-Copy,29
0ceb0727f94d44d9b5dc4631227688fe,LastUpdatedTest,30
0cf6852e8a7645c499ec91b50b79b9c9,payment_locations,43
0d01b9438ec24dcba5c732ede479e57a,Intro to GIS,25
0d0c0256e0444479b3f8bd33852e1d63,Payment Locations - Dev,198
0d48e73f1b1e4824a2c8fbb0f2f80b9e,SS_INT_ValveOps_edit_secured,1451
0d61594d8d26491cae09481e68284dc2,CIS - Zone Review-DB4,16
0e198fcd890e4c889f6096967fcc84fd,Marina Pump Outs - Dev,59
0e741a80c37f4f5bb6d0063d67ed454a,Real Estate Lookup - Dev,42
0eb3fb080a1a41409a133e80548ab442,TSD_MarinaPumpouts_Summary,987
0f2668a105b24a49a4df9a3d75fc92be,HRSD__INT_ConditionAssessment_FM2016_NS,106
0f4957193e944655b5e1eeca6d0db5aa,Valve Ops - Special Venting - SS-DB4,176
10de635ba3df4d5bada4aa5d726a8b96,SCD Real Estate Research,89
1122528778ff4bfa8556e453f839eab9,SSGIS_Imp_ModelAnalysis2013,42
117334714ea14a39b08f9f9fe4c2bd48,location_82ede4e6196a4268a86e148a2944e22e,25
11cb6995c99249999a97eab21f8f40e4,TEST Project Construction Status,32
1217b17093074ee081ea4812eba81c80,Field Activities (From August 2005 to July 2016),97
12320701576344a6aaa279777cc9b445,Monitoring Data (Pi)- DAS_Working_SS,118
1270d6440f19404092dabee446ba7803,intro 2 gis scene,35
1370dbd62e0545faa7d9321e8082f0ef,MWTST1 FWA Web Map HRSD Dispatch Group,23
14af0bf9fee7446eb76b5e44d7fb988f,Monitoring_Pressure,339
153034b7a6474c39aad8a39f70770cdd,AGOL Light Gray Canvas Basemap,2927
15c9cc4393cb4d258258d9ab1a5ad4b8,TP_Details_Piping_secure,17
15dd83ea85de49a095a9b8ec072ff62c,TEMP CCB25 FWA,28
163ce6885b944f78967fe48372465509,a_edit Test app,25
167b7f923455449fb3f8c629c6fc2e70,P3_DirectConnections_PnP,282
16879fc16f094179b21218d67ef4afbd,LOCALITY_Parcels_secured-ags3,31
16c6e00685764812931b4bb29e9313bd,TEST WIth Vector Basemap,24
16cc0db43287488188ba5a063cf74f8b,Monitoring_Locations_HRSD_Pi,26
1727ff8496214e8e817e9d70b4067d7e,TSD_Odor_ComplaintsSampling_edit_DB4,8
17685461e0eb45f5846dac3a9afa772a,CMMS Assets,133
177def97857b4888ab01e3a02de7be89,ExtractParcelsGP,7
17ae46956b1942569bfcc1d8aa26d6c6,NS_INT_GravityCleaning_edit_secured-ags2,149
17d4902d3e6340dab098cda873e6e515,Utility Locator Map,129
17eb0810573f4f48b11b6d95cd6c2f2e,Test Project_dispatchers,27
18155608b42f4edaa69f301141682ccd,Sea Level Rise,115
183e02251b3c4fbfbe465b9dec25d7d6,Aerial Basemap - VBMP,3500
187de11b22904803b75a7a274d58e6b2,CIS_InspectorZones_Draft,54
189f4831253244ff927401d10aa69626,AtlanticCoastPipeline_secured,4
18db6b29c2c74e97968879799c98dcad,CCB25 TEST -- HRSD Dispatch Webmap HRSDNS - MWMRM2,217
196507d5df11464b9936393cf9d02a04,Utility Marking Notification - SS,19
19913ae1f642476d8d39f83ff7d713eb,Monitoring Data (Pi),482
1a7e080df7574abcb586f02d87756f8f,Vendor_Locations,30
1ab9b698cb614e92a91fd870d0786f44,TP_Details_PnP,61
1b0a46a0c38f45dd9d18c821c280b1c7,Monitoring_TideWeather,29
1b35b321e005499c8396855cbed6ecde,Project Construction Status - old,122
1b7fb4c4395d41f4bebf29fc4a06f712,HRSD Public Map,59
1b93b9729c344307946a605b70a7ceed,Overflows - HRSD,57
1ba90f910ff646fdacba1c41b33b4977,Buffer of Monitoring_RainGauges,28
1bb21453a99445a1beeb378098122172,Field Activities (From August 2005 to July 2016),25
1bdb80d690a348bea3a54acc9aeb1eb6,TEST_PubSDDraftUpload,9
1be77e980c81437abf9d2c7ea601d66f,Virginia Beach Blvd,35
1bf252eba1434eb9bf4e9f2b5a860ed3,SC_GPS_Points,39
1c6b220f028741f6a1fd6c266ecc528b,CCB25 TEST North Shore MWMRM2,46
1c6b28eb6d524cceba7b4665b076f50f,HRSD Public Map,2716
1c8d637aa8fe4df0b9bd33afa08a9e7f,ValveGuides_secured_TEMP_2017_07_18,13
1ccb55c509f64cb4bdcadec73d638897,Land Application - Viewer,146
1d07fb97da28468083cb08d775fa2865,Operation View Test - SS Ops,38
1d57d3b823b34b79973320e828b00178,TEST,9
1d6f408dc21d4bd18784bf67f9b5584b,Storm Surge Map,51
1dca5af667ef41b389c8e3b4ec56dfec,In Development,113
1f39c9d805e64470a8d21777b2a2f7c0,DamageAssessment_Inspections_edit_AGOL_Service,206
1faca7ebb1344447a56d0d10766b39c9,Small Communities (HRSD),1471
1ffb3d2d29c24ec9aa223329b5303717,HRSD - FNOD Site App,129
202851c955414667bb625105cda952de,Property_HRSDandEasements_PnP,8118
205de4693ffa4f538408985418190f7d,REL_CP_WireReadings_edit_secured,48
2070b9aff5394dda8772ad3b0495d964,Monitoring_Locations_Meters_Gauges_Pi,26
20be25aaffdd475683688335bf0674c6,SCADA Sites,25
20d27076b8da4fe4a8590c3ab64cbb10,Utility Locator Map,96
21f0ff3793db4befac7b7608769d935a,intro 2 gis scene,25
2213c41425a74dbe87920f1f8f3ddf7e,Drainfields_Mass,33
226c473a35394c56a1bb374a4253fae8,Valve Ops - Special Venting - NS-DB4,124
230124f32aa64454976bccfb5576334e,Interceptor General Map - App,43
234f2b0ef4ef4a81929fa332991143b0,Created Data Map,39
2355401602814a0ba4ef4fc20c07da24,LandApplications_NewBuffer_edit_secured_DB4,11
2391e6137bad4a46a40b6abe648f984f,FMAA -NS 2016 - Ongoing Status,113
241a71ae9f0d48bb8fc5e1fbfb88758e,TP_Details_Buildings_secure,18
245f6b61d1d1478d98125190c56cfb62,Vechicle Assignment,25
248ad6c30c04418dab60fd5b444925fd,WQ_Impairments_Bacteria_PnP,75
24eece170bff48caa2ba1ae0ee99cb05,Property Research - Surry,46
2510fa92442f4064b7f78f1367de5349,Simple_Poly,26
252932ef8f074a2695e707c65a87975d,Monitoring PI Live Data,29
25b90a008abb47c69681d9dd5f623c56,AGO-Assistant,33
25f1cf8f60884b598fe3a0f08a921121,HRSD Dispatch Webmap HRSDSS - MWTST1,1649
2687522b251b48f6b722cf2053b4150d,Monitoring_Weather,404
26a4e74abdd047c7ba59201d3cefe972,PermittedTestApplication,26
26fb50dac1704ca8bd7971b1d1fecb1c,STEAM Data,29
27092b2525ca4292b6f179ddb7c977ff,Development Project Editor (Hydraulic Analysis Group),33
275a33afcb444aaabbb8800eafcf9f07,Intro 2 GIS Data,34
27df5ef40bda46859e4004132cc6f116,Dev-Development Project Editing,60
28c0cec98a0b4f21b28a821a582db051,WaterQuality_TSD_MarinaSite_edit_secured,48
297cfbf9ecf34faa8b8b077fc20696ae,P3 Facilities App,227
297fd003ddee46da986d1f5e87f4a9f6,Monitoring_RainGauges_NoRealTime,29
298313f495ca42e294a1674fc82583b1,HRSD Dispatch Webmap SUFFOLK - MWTST1,40
2a2bbb5ed4154a01a63744367e66b55d,Pressure Policy - Map,247
2a4fc30cbb92447c94bfb7f6bd804d7d,North Shore Gravity Cleaning-DB4,222
2a6919b57a5d4945a930e7fbe518e431,Basemap_Local_Data,3454
2ad57f1500464ee389bcad4d4e6019f1,LandApplications,13
2b043bbc25ea41fb862c312176cdad4a,Big Road Accomack,33
2b1b41e81cfc4e1cad66bdf05b1aafc2,CMMS Interceptor Assets,75
2b6b9bced4d04548a7d29f681678735d,HRGeo Parcels,8
2bcaa3a30d464353810285047f9c4a44,customer_premise_secured_DB4,9
2be56c3b64f94d3ca145fd069b1ac459,NewMonitoringData_In_PI,48
2c69f0f3d56c42ed9d51d0d9af8d4cfb,Condition Assessment (FCAR 2013),25
2c981adbfff344538bae5f89acc61478,Hurricane Map,411
2cabf4fe25e644e88faf52683fc6d101,SWIFT_SitesAndWells_PnP,113
2cbdddb0daa84276a01a6fcc4640c30a,SSGIS_SewerAssets_HRSD,919
2d028c88b80b4d32b5caa54f398b032a,Intro to GIS Created Data,24
2e9a62f30b5f472db12a54c9e4bcc99a,Bacteria Impairement,82
2ed6f3e8919f4d03bfa49f7efe668660,Treatment Plant Details,7
2ee2c1e3282a44138b977b7263dc8c71,Marina Pump Outs,60
2f58935e1da0457f962444c70360c97e,Overflows_HRSD_secured,58
2f6096cb6b9e48879dd00649ce7a4664,NS_INT_ValveOps_edit_secured,64
314e79ea18024c3db29c439af5221f5a,HRSD Public GIS Viewer,112
31635232ef0942dbbe36ba4e77748f3d,SCADA_Sites_PnP,37
31671a97db874425885e5a50f7b639be,Locality Sewer (secured),4246
31d834b22b30471c947ab04bce2e70ae,Flood and Hurricane Surge Map,125
31ec070bf55140808d90e8e667a08bb7,SSGIS_Discrepancies_test,25
323bbb132c4a4704a8b48521f19b6e09,HRSD Public Map,2593
32d6885ab19940ff95c8e3fb560d088a,AGOL_Data,26
334191f20e7d4cd3a465d4e26209bc67,Intro2Gis,34
33f5565a4ff74eea9ef7672a73e10c0a,CIS_InspectorZones_edit_secured,97
34c2bbc460d04888a2824732c794c82a,Real Estate Lookup,74
35234d1bf824459186da67041d9474be,CIS_InspectorZones_edit_secured-ags2,10
35375dac9c0a49eeb27dedf2e95ad44b,newmonitoring_pi_to_gis_raingauges,28
35d0b818df0249bf93c9a43a33b9012d,Simple_Poly,37
361d85dd8f0b4604826a0be5858ac8c2,Monitoring_Sites_MMP_HRSD,29
363f79f54bb34000be8194cc3adaeb47,MWF QC Web App,13
3669607bf37c4f8594187654f5420037,CIS_InspectorZones_edit_secured_label,55
3684bb58a16b40ae8d7ee2cc9d0baa9f,Field Worker App - MWFSTST -3684bb58a16b40ae8d7ee2cc9d0baa9f,49
36855636f327421e9b07a97146689be8,PermittedTestApplication,49
36ade6e3fb5f44b888c92e99db1fcd8c,Project Status - CIP & Prompt Repairs,118
3730350b270e44a3bd28a60d58f33f99,Marina Pump Outs - Public (Delete),376
373a51ffa69e4ae6b22f75f7313af07b,Project Status - CIP & Prompt Repairs,25
373e9479427b4569a19dac98ccb43527,Monitoring Pressue to existing feature layer,33
37a05a8d70cd430f99c9069d605b2bdb,Modeling_Catchments_PnP,775
38456d512e8f4e1093d817eed8253e08,Property Research - Surry,56
38712da10a474ba79e1a8a2d319b2037,SCD - Service Call Log-Copy,34
3899b05756d54372823a3a1bccfaf083,Interceptor System Map PnP,25
392d4393380b4c30b79de151633665ef,Intro to GIS Created Data,25
393143c8561b481d8a8311c54a16bdfd,Treatment Plant Details,80
395ae7f9c08e4b73baeae062642c0c5a,ValveGuides_secured,440
39aad73151164b2a9f0ea9a27dd20191,intro2gis,25
39c29088554442688d2c796fc2f030f6,WebMapDB4,9
39e4050e2697468892ba258c46b00390,Customer Premises,137
3a4ef3dd063b45559a43780db98bf68e,Intro to GIS Data,29
3aa10438e1b1478d89748ee2fecd8dc0,REL_SCD_PM_PS_edit_secured,371
3b31314ea82649ba89b259a835c7dcfb,Portal Map,26
3b798a77b5414a0ab0d2160072d02713,Condition Assessment,91
3b9e3fa7ada7429a8cbb5b6f085fa09a,hrsd_public,483
3c06e19643f44817811ce379f1614b09,ProjectNotifications_PnP,71
3c6e3543c5ea4c0495c997fac31c3ba5,Monitoring Layers,122
3d167aa99715451bbbf90f6230bb2a12,customer_premise,93
3d2aa22ad3a9424f8304172cd3adcfe8,North Shore PM-DB4,191
3d2bdd742c11401590177ff64ae43ac2,created data map,36
3d2f8da79f894b3bb4c93a535344aa66,LOCALITY_Parcels_PnP,7918
3d4bbcb90a1e4a07806c3de1d59a8b4a,Operation View,29
3d84a7ddd4a64b81bdcabd8063c270c5,SS_INT_ValveOps_edit_secured_DB4,12
3e449d4a47d54288a5d2e7352a8f6bde,Monitoring_Sites_MMP_HRSD,29
3e79a57545504e6eba4ca884aec3e955,Intro 2 GIS 2D,25
3e8e7abd0736425eb95b91666e2c71eb,AGOL National Geographic Basemap,3265
3fa6f4b808d046858d91d2f9b90f2e73,intro to Gis Created Data,25
3fc1ef1bdfa146a29db29703113a8425,TP_Details_Buildings_PnP,61
40ceeb3976354e728f0ec6dee8b44ada,CIS - Zone Review (app),27
40df7fba83ae4a89a155c3ff9d986c4b,Intro to GIS Created Data,26
4127023c43ae433da21ef6f27922b9b8,MWF Service / Travel Time,25
4145eecbc6f14562b47cde6064837c36,NS ROW Maintenance-DB4,23
417f2ca9f68a4325b5933963a70f7fe9,ProjectNotifications_edit_secured,44
418c6c8a232246fbb940e7561890c6ee,Overflows,75
4197443a3382433e904ba227cd470b01,TMDL_Watershed_ChesBay_PnP,1233
42e171f74bb0451d834a7835397e9ab5,SSGIS_Discrepancies_test,26
43b21f37298140398b94e4c229b86ff3,SS Preventive Maintenance Map-DB4,347
43ba52bca3f24586a2859a99c1b3fc29,Monitoring_Pressure_PI_Link,29
43c8102290ae4b8ab204b2890153d194,SWIFT Sites,224
444e5e35bf2f48a4aa460745e80f10ef,Payment Locations,4338
448b00f434be433aab52b4a5fbf730c5,Marina Pump Out - Public,534
44bf6563f8764bf08c8363d1af60bc9c,Land Application - Viewer,162
44cbabeb88d54b7ba76ad96752cd18b0,NS_PM_PSWW_edit_secured_2,42
44eed73e84b94d749eff9210e9cebfb6,P3 Facilities App,25
46c4275b20bd487c9083e07b844ac2e8,HRSD Dispatch Webmap HRSDSS - MWWEB2,33
46e68b3e1316452da288d6a27ecc0d22,North Shore Dispatcher - Dev,163
47a65e2f505040f69520b1a3445017ff,AI GPS Positions,85
47b92babeb0c4aa682e1606804216cc5,SCADA_Towers_PnP,130
47b983e420874438a24c7bf6818713f0,FieldActivitiesTest,27
47f0b09ffa474cd8926ae1cc318dc4eb,AtlanticCoastPipeline_PnP,14
4813976613394afb9ae399c5aa846688,SCD - Pump Station Inspection Log,387
4840197a8cfd4b93bf420fb9633320be,LandApplications_NewBuffer_edit_secured,131
488032a4b9274677b63ec9be3df940c1,TSD_SamplingSites_edit_secured-ags2,23
48c53cf670b74cf8986fbc425c87210d,HRSD Dispatch Webmap SUFFOLK - MWDEV1,75
493e9587c4ef47c0949a8499319aeb23,Modeling_HART_PnP,26
49ce09af78a9494a81a1778daae7097c,NS_INT_GravitySpecialNotes_secured,11
4a05f3433c2c4ed3bd1b3e29f84e6ca3,Modeling_BaseModel_PnP,777
4a19fcdc5d89432bbe331086928d45a6,MWTST1 -- HRSD Dispatch Webmap HRSDSS - CCB25 TEST ,16
4a4ebcfae67c4050a84927f26350d4c5,NS_INT_GravityCleaning_edit_secured,110
4a8f244547d94c6e8c8c1f09a9e0a6d1,SS PM History,33
4aeb3aeb2e444fd68ebdcddf20e2369b,DamageAssessment_Inspections_edit_AGOL2,201
4b69e2b25e6e4ad09800654881902a28,SWIFT_PrivateMetered_PnP,56
4b6d954f20d14035b1bd5520b5f1d7f1,Monitoring_Pressure_PI_Link,29
4bd863d42cba4d88ab24530826686efe,NS_INT_GravityCleaning_edit_secured,2571
4c38625d4ca34347aebb4bdd679f34f4,Monitoring PI Live Data - (LLS Version) - NS,82
4c5a5baa82f1448885bf0bd891b0e3e7,Intro to GIS,20
4c983c689f224af78e64f8ba4a233862,HRSD__Interceptor_Details_PnP,8353
4d586252d2d34a91a3dfc01a5837c1db,intro to Gis Created Data,26
4d76e80540ca4d38a8d408cca8bb02cf,SSGIS_TargetedAssets_Locality,51
4de7edce8f2c469d8b44618641e7c7ac,CCB2.5 MWWEB2 South Shore Dispatcher - Production,4902
4e0ffe54d1d64a21a0ed3c4d4cce9bde,FMAA -NS 2016 - Ongoing Status,133
4e6fe3bd065a45f1a6e822135c58acfc,INT_ConditionAssessment_FM2012_NS_PnP,26
4e7f20c1abde45e99a59cb9dcd837884,AGOL_data,25
4e814f52b4064fce9770338cfcbd621c,Route,28
4edc3bc40a2449468c64ebf0998c7123,HRSD Dispatch Webmap,2109
4f17ac98b2bf4f89a94bab7ebbc2e1f1,Payment Locations,28
4f1f918baa6845248f9ce3ce98182222,PlanSheets_Engineering_secured,153
4fc10748b0b840f9a0f5812604739b52,P3 Facilities,25
4ffbc6a9dea14e3a85b0d6cd84fad5bc,CCC_FieldActivity_FromAug2015,30
4ffbf0bcd8ba4767b1c809adbab261d2,Bacteria Impairement,25
5001fb7490024bccb6fddc6b8c480289,WQ_Impairments_Bacteria_Catch_PnP,72
50035e57c887482bb0f6c559661ca3e2,AGOL_Data,118
50224957d6f546a5a7393b09b81c461e,Monitor & Meter Editing,27
50c0a4dc8961426282488536e0597c19,HRPDC_Available_Parcels,11
51397d5a672b45968dff015d1902da3f,CCC_FieldActivity_FromAug2015,189
51d383e0a0ad426593161770b448d7eb,HRSD Dispatch Webmap HRSDNS - MWTST2,127
524a341d871e4d598914ea5dcf9bf4e5,Aerial Basemap With Street Labels,3632
52fe98a5e2fc4980ab0c6f3470fb8416,Intro to GIS Data,25
537c926f01f84976a03987b91fa2ae4e,P3 Facilities,364
538b620acefd40b588624c9f29b931b8,Before and After Map,551
54514379973c448c87c60c4cf3706c3f,HRSD_ValveGuides,150
551de6bcf8f5445dbc43890e761530cf,South Shore Dispatcher - MWTST2,121
55c3e0a2152f44b8a27fd119b32b726d,Nitrogen Mass Data JR,7
55ee4ae566934fbda3637d80b2937d14,YRTP_DTM_TilePackage,11
55f3e736bd824ff88ca7f429bd9ba1ad,Treatment Plant Details,59
5618330cb04a4d5ba31b7f2093c4d8ee,Odor Complaints - Sampling-DB4,17
56474274d7bc4e3d864a6bad4d885371,North Shore Gravity Inspection-DB4,104
568fc5499d6c49398edde7c57a53a6e5,TSD_StormwaterMonitoring_secured,7
569086958b724ee5b834d4e134dee4aa,NS_INT_GravityInspection_edit_secured,71
56bffd03ff9b466ca6bac2fce229bd65,Surry_Redlines,31
57148d74470543688928ce52f8e008b5,ArchiveTest2,33
574b4bc7f07a4d5eb69dbbfe342918a7,Monitoring_RainGauges,349
5770ba1cb8b04e1e8b7610d31a96ae15,NS_PM_PSWW_Labels_edit_secured,387
579030f701914d2784d6cbfca9935e7a,ValveGuides_HRSD,29
58200b7d2d094ebdb453043656fc9ece,ProjectTracking_Status_PnP,7206
5838c917893641558a08ad1d10cfc533,SCD - Service Call Log,486
58b2bf50124740d3a8f58ba6fa3ae698,SSGIS_SewerAssets_Locality_Active,1740
5924be7b5427443c84e3d4fb5eb8ad08,NS_PM_PSWW_edit_secured,383
59d82778f6a84b03b5417d73bbbb7797,Land Application - Field App-DB4,16
59fe8fd7d7e54b298ecbf7cac06848ac,Drainfields_Mass_PnP,73
5a2d6041a33144bab5d1211bdf3af7bb,Overflows - Locality SSOs,63
5a84c6fd91884ce094e6244820763cee,TSD_SamplingSites_PnP,4
5b6c7dbaf3b24a938516034e019c9747,newmonitoring_pi_to_gis_tide,29
5b8e33213aca4ea9af96e3b901350329,Hilton Beach Imagery - Do Not Modify,189
5db15b6105db49819824cbd0c3ea4cbb,Surry_ParcelResearch_edit_secured,25
5dd12f1ea9174aba972d164700db62cb,Marina Pump Outs - Public,26
5e1135564f6341249253e1158c6225ed,Water Sample Sites - Editor,470
5e44f6b17830472e890fa251dfbfbca9,CCC_FieldActivity_2016_Aug_Jul_Monthly,27
5f5a4caa5f6640d2848b0e4888903fd2,HRPDC_Available_Parcels,14
5f73f5a102d845feb09ece9015be5a1b,SSGIS_TargetedCatchments_RegionalRehab,81
6088cd7cf2164aa496b7e06cf0ff371f,MWF QC Web App,23
60a2d717ed854962b453c2c7c4dfe3fa,Customer Premises-Copy,8
6121a8c80c464ab1b60811edf0f21dd9,Intro 2 GIS Scene,25
6131e90e02ac48d495c6d39e7fb12b64,intro 2 GIS 2D,25
620f3058a8c642d487708ebb1b3d1de3,Test Map Webmap ID,29
62177ba28443452db5ac5066702bfc3d,Test_IndustrialWasteSites,30
621fe873a0fe45cfbf0fd90084caa2ec,Interceptor General Map - Aerial Photo Default (old),222
6273c850dd1a490387e7a9289d5372db,Sea Level Rise,121
62869e7a6e7544789720f7bceb0ad5c0,Treatment Plant Building Labels,35
62c5882e724547229da45f2b6ca6d1de,AquiferMap,334
62fd81467ac844afad6ccca8e4ea199d,Interceptor_ByTP_PnP,482
63d7d38e69784926859e413e209dc11b,P3_sample_sites_edit_secureDB4,6
6460ab68087e4846858f895172e3b4de,Test Field Activity Polygon Time Lapse,46
64fe8bdd98c14d4fb7032f8fa5140853,CCC_FieldActivity_2016_Aug_Jul_Monthly,52
652dffad20db42a791b3f4e4e8ac7fce,Marina Pump Out - Public,386
6531194150f344aca43ce7555379940d,Biosolids Application Map,202
655e8d827cb549d8815c7d57dbb518f5,intro 2 GIS 2D,37
66456406563948da981dac642e16d94a,a_edit Test map,34
667d7764280c481aaeeba87cbf89d2fc,Treatment Plant - York River,87
66c4c98ba53d45bf8bf15660c7024361,Hampton Roads Sanitation District,38
66fdea1a20c24a54b1e1920b586ccaf7,GeoFences,27
6765b6b76e6446db8ad57e8b6913b718,OSIsoftAddIn,64
6814cd121e894cfc9e1d53cc17b01ac4,HRSD SSGIS - Regional Sanitary Sewer Assets,25
686ff21a672e49ac8d5f8550812943cb,Dark Gray Canvas Base - CameronCopy,1
68c3967285c04a8eaaa3778648229934,Created Data Map,40
6956e3f652bb4615a47be88ee2a57d2a,gis,25
696a33ef1dae42af8be0b75ca5a3dccc,Intro2Gis,25
698d7a13b65e4b4f87751e21da4c0f70,NS_INT_GravityCleaning_edit_secured_DB4,9
69a216faeef74af29a4dbaafd50a71b9,HRSD SSGIS - Regional Sanitary Sewer Assets,35
69a668a4f45346f0b12a445a2a90945d,Intro to GIS,25
6a6e0b19a42549e798e192387e8afd4a,Valve Ops - Special Venting - NS,2409
6b1e438b103045c0a98001726fbe2a82,Field Activity Test,25
6b209ad6e6ce47fa8e5a2f8937159f01,York River Treatment Plant Web App,10
6b460626073340e2b46ec0a0aae8a424,Interceptor System Map,7006
6b9a43af92844ef0976c4e2716a8f7a8,Hydraulic Model,794
6bc2c6e389dd42299a0f57c66b614861,Land Application - Field App,143
6c14a85024e542dc9979be882f8a8d17,Project Construction Status - HRSD,291
6c24b7cefe464aeb89798a3076afbf79,CIS_InspectorZones,8
6c2d75ce85034c95a3368c1bc9cf42e5,Monitoring_Pressure_NoRealTime,29
6d0fb7441fc7464ca8635d5179d6fff1,Modeling Pressure Policy,97
6d16b74e8d3646a499e916c33f9d66bc,DamageAssessment_Inspections_edit_AGOL,35
6d20523694ce43808c72ce4b2d3910c7,Flood and Hurricane Surge Map,25
6d3ea886397e48be8c0b6fb54e5606eb,Extract Parcels Map,56
6d8817b723604c8ca02127333c6ec9a7,Workspace Locator,340
6dc74187389646f684b6959d4d60356e,Marina Pump Out - Public New,36
6dd6b6c146cd46ec9b313c46880fd874,NS_ROW_AccessPoint_edit,207
6df1797554444fb199f0feff63b37ee4,filter,9
6dfac57d5cf4405c9bccf828d7d16466,NS_INT_GravityInspection_edit_secured_DB4,86
6e57edf54811419eb882a32e2882a420,Intro 2 GIS Scene,32
6ec5c0ae21ca4debb4fdba6e061ae57a,Overflows_LocalityAndHRSD_PnP,61
6fb096d613a14d90bab377785fa5e3d7,CIS_InspectorZones_PnP,117
7012dfc117e1466b92148daab7976b57,iPacs_Facilities_PnP,314
70907dc7ce8a4920a8e93d414e508cf4,Intro 2 GIS 2D,37
70c77ee144654de684175ebf7aa73d4f,Treatment Plants,64
71559647ce464f008ed38712f334c2c8,Web AppBuilder,44
716267ad56024513ab1f3dcc7e174416,Interceptor_UnderConstruction_PnP,7775
718686e1801c4b6abd9edbbf8e74df42,Surry_ParcelResearch_PnP,4724
71e2a96191b94d468e8f0af880e63118,SCADA_Sites_secured,42
7247f1ebd3f4458ea7e6b0a158c74864,DevelopmentProjects_PnPedit,32
72cfe49f1e964ac2819c2f4fa800efd6,Field_Test_Polygon,26
72de326447e645bfb0eb51c4f024d6cf,LocalityData_Suffolk,11
7471769e43ba436fabe8bb63103a90c3,hrsd_basemap__v2.0,35
7569918e9e8d42518e061451681f9166,payment_locations,4157
75e927eb261a41279424767438173cf4,Treatment Plant Buildings,30
76d902b27ee048068918fe3e0e97619c,newmonitoring_flow,328
774e8361e8f542db998c2e3b206acd51,CIS - Zone Review (app),25
775eac9e556a41f0a4197770497949e7,Mass Drainfields,33
778484d81376439097ffea9bcb40cd8a,P3 Facilities,268
787843a3512448ff8df5685b6e6b1af7,Intro to GIS Created Data,25
78fb8d36022f4468b861fc1567c1190c,HRSD Dispatch Webmap HRSDNS - MWDEV1,340
79597faafc6642428fa500cd084142fd,Customer Premises,161
7a28f1cab52842a5b3903dad09ddca9b,HRSD Dispatch Webmap HRSDNS - MWTST1,306
7a3ca2cff88047dd82ba1dac4eed866c,STEAM Data,245
7a6e509c4be84f61905ec2834b6d044e,Cathodic Protection - Wire Readings - SS,74
7ae78711462a4bd79c6a2a7bc3d4bd20,NS_INT_FMAA_edit_secured,848
7b074e408ae34ee4b98e21af124f7ec5,dispatchers_82ede4e6196a4268a86e148a2944e22e,25
7b178f8b451e408687510eb6dc3e8e65,created data map,27
7b2feccd7f7248b894d5ad4a7c72922d,HRGeo_Parcels_secured_new,13
7b419a2be7224e3a96cc9a7c6625efaa,Monitoring_TideWeather,29
7bcbaeb26aca4839a62e7b4e7354757c,SCD - Service Calls (Testing in Collector),127
7bf295d4c5b34429b12547c2f7840feb,SWIFT_SitesAndWells,13
7c846e48bb77457e9d7663f67058abc1,Created Data Map,45
7cae4de6d2bd4c69b785d33e47a6d93f,SelectMultipleNearbyFeatures,64
7cd615366a3e4fd59d59ee68933d5798,All Stops - Legend,846
7ced2d586a7d49139e0ab0f2beb37c18,Monitoring_Pressure_NoRealTime,29
7d26bf0d24ab4821a3842a23c6dd235b,ConditionAssessment_FCAR_PnP,111
7de3621b91fa4f85b86c6a3d92137b5c,Monitoring_Locations_Meters_Gauges_Pi,26
7de54c2ed3ff413d9966fceebbf1f668,SCADA Sites,72
7e03d6f028e34505829bab5e205310a1,NS_INT_PM_edit_secured,164
7eb59f806a944c90873c45586973a437,Storm Surge Map,25
7fc44023f6ae49f1accbe9b0918cf938,Operation View,31
805047968dde4dd88a2eb4dadddbc215,NS_INT_GravitySpecialNotes_secured,469
806625f77e4045a383cabe3aa6aec4a0,HRSD Dispatch Webmap HRSDSS - MWTST1 - Message Demo,31
8070299e8d184074950f535f315f0c34,Dark Gray Canvas,32
8071c9ba7ef741a89a570fdeedcb257a,Story Map,115
80f6be8d99884d0f8ae5c5406e783c42,Bacteria Impairement,91
8199cd371f614a35b3579b380bbf12c0,Surry_SewerInfrastructure_PnP,7185
81bb149398ec4292a76da9981dc98e79,Repairs Failures Forensics SSO,121
829b53fd382247bdaa19f7d0ad07a32d,Utility Marking (South Shore),14
8378b9deeab94bb7aa28fd092652bf71,Locality Stormwater (secured),3540
840651fd4b4849168f8cc8f672df51f7,TEST CCB 2.5 MWFSTST South Shore Dispatcher TEST,43
841999f82c024072b29ffba963a738b2,SCADA_Towers_secured,6665
843b2ed398c7469384edbd84655b9725,ER_LR sampling event 021114,53
8479240633e846d7bc3997e527d33e49,TP_Details_Piping_PnP,61
847f8ae61b664fe198f5c445a93325f8,inspector zones,35
84a01fb422d846c688226b1df6657541,MWTST1 Dispatcher App HRSD Dispatch Group,16
84b4c7b084bb4cd9a240dbf3d9a48ed2,WaterQuality_TSD_SamplingSites_Editor,479
84b6f3f211d6482090901ca49d5ae580,Marking_Notification_NS_edit_secured,21
86211ac74b504f63a0fbec634560d5cc,HRSD - Monitoring Web Map,56
863e6593b0844669a76cf838f64d7353,HRSD SSGIS - Regional Sanitary Sewer Assets,510
86caa2a5b7764d73935f06ca80b62081,HRSD Dispatch Webmap HRSDSS - MWTST2,406
8730a2ab099f4988a56f11923328c6aa,LOCALITY_Stormwater_secured,6526
877f98e527ad4605bc7e0a6819e53bcf,HRSD Interceptor System Map (Public),541
87c12589bc954dd9a2b81edcebd20d8b,AGOL Topographic Basemap,3232
87cce17edd2444dcb35ed7d23e127156,Condition Assessment (FCAR 2013),136
87d81a1038e7440cb54f80afa547c233,World Navigation Map - Copy,35
87e7aa913f9846ac8ce96a3d8bb09e85,census2010_population,64
8826d9daec654687ba87a35dcc944d6b,SCD_Polygons,191
8840ae6cf18a486e85ebb7955c796cd2,NS_INT_GravityInspection_edit_secured,1265
8874697c82384d929351801b61703ae4,FloodInsuredFacilities_AGOL,28
88861dfbc252460f980270714f2735b7,ServiceArea_ServedByHRSD_PnP,969
88d6705528194c6ba1d0d48d5cefa28d,Parcel_Landbook_Public,11
89b1b2cb0ac84d0ebafad50ac47243c0,DamageAssessment_Inspections_edit_AGOL2,29
89d33f5bdbb344b48b342f51773ab0d0,Monitoring_RainGauges_NoRealTime,29
89ed045b329f4cb8a8cbfc0a6621d679,SWIFT_SiteBuffers,16
8b1620bf629b4ba480b1727683848735,HRGeo_Parcels_secured,29
8b33f043375e4e83885580618e8d84bf,FWTest,58
8b648f71edd442b8a2cbdeed1969fd36,SS_INT_PM_edit_secured_DB4,339
8bfcb42cc0b64b149305b91b89c87f2e,Treatment Plants,85
8c27bd98fcdf4ca78dbedb6121e7b713,REL_SCD_ServiceCall_edit_secured,667
8c6efc1c80df4bd3a044e3bbcc21068b,Chesapeake-Public Utilities CIB Projects-Copy,60
8c865d2dcec34cacbcd0de24c15f105a,Monitoring Data (Pi)- DAS_Working_Copy,159
8c902a8cedd84713bd879f95a64c6c95,LOCALITY_Stormwater_PnP,4
8cf12d28cecb4e598603a2d54b4f34dc,Monitoring PI Live Data - DAS Version,43
8d0a294296e248f390790ec8f1a034ab,Project Status - CIP,139
8d7e5c0c096d4002a6606e287fa0d5af,Damage Assessment Facilities,54
8dba81f5796548bca4af7d473a08d10e,Flood Insured Facilities,50
8dd0f12c7e684cdc830a3ce971078708,DamageAssessment_Inspections_edit_AGOL2,28
8eee1900f3774a03b7fde0046a506a3b,VA811_Polys_HRSD33_secured,8
8f06286c4a7e49ad95143553b69bf0f3,SpaceManagement_OfficeSpace_PnP,338
8f454257c3354cc5ac82ebd81ebe86ee,ArchiveTest,40
8f9e59855c0e435991ab923b5a6812e0,NS_INT_Repairs_edit_secured,121
8fa158cb8ca14d38860a0975ff718e7c,Regional Hydraulic Model,46
900f4a4cce7d456c9fa9e1587bd70c2c,SSGIS_SewerAssets_Locality_Active-ags3,223
901dabd739de4088b1cadf69049cc180,Monitoring_Flow,200
902c963a060147e2b617704b93ec8c9a,ValveGuides_secured-ags3,44
90551fa5f2464cda9bcc93cbaca97eb0,Real Estate Lookup - Dev,29
90f2e679993447dfa3f75215a07720bb,Dark Gray Canvas Reference - CameronCopy,1
918b9f33b06044f3ad2d8f460a0e70f0,Marina Pump Out - Public,112
929449762b26480ebb08af2a374b139f,Marina Pump Out - Public (Test),26
92f00929ebec41baa517e36ee468866d,SCD_ServiceCall_edit_secured,179
9315dda3dd924fff9fb49d472a698a49,PermittedTestMap,52
938975b5f056440d8d9d84291f1da809,Test Map WAB,38
93a998658b4b492c9c9d338419485707,AGOL_Data.gdb,25
93dfa427bfd34620ac04141c0616c764,Test - Industrial Sites,36
9438ec99a67b4295bf8ded971a18f867,SWIFT Sites Interactive,33
946c2204ce2f4f00a5fc3f5f37c6ce71,FieldWorkerApp-MWMRM2,5028
9506b5068f7a407b97bfa6e789a0376a,Intro 2 GIS Data,25
9508bc14a3a44ee2b0e545af265ca44f,NS_INT_ValveOps_edit_secured_DB4,117
9530f86336ae4841a843558dc806d7d2,Agol_Data.gdb,24
95393202b6ce480db5ab42d8e19bb44c,Intro to GIS Created Data,25
960b8bf7bc14407497cae19f41778f66,CCB25 TEST  South Shore MWMRM2,161
962e1c11554c43e7aa927e1e38b92faf,Monitoring PI Live Data - March 30 - New Widget,87
975d6e118e4547b5a22894d13a636df2,SCD_ConditionAssessment_WP,24
985fe4d0a1ba4a96bf978fb3f40a4b94,CIS_InspectorZonesMarkUp_edit_secured,8
9899b76175434fc0ba02bdfc055533fe,AI GPS Positions,52
996646c4f65d4316ba2b880f8c31c7db,Parcels,95
997b8ae9300f44a58f578cd9c89eecef,Monitoring_Flow_NoRealTime,29
99c063b5b97843bcb372525868280478,JR Basin,86
9a0fe1e72c40468e9e02f116de341935,Sea Level Rise - HRSD,103
9a30c42141af4bf2a3749bc00ba902df,Treatment Plants,25
9ade2fe58daa4bdfa25d13f43fad2ef5,Damage Assessment Inspections-EditingNewSites,31
9b1a1461888e445b829ea54d3eaf1582,HRSD_basemap_mapPlex,1
9b3fce61d5b2420cb587aee6d2374598,Extract Parcels,7
9c427d7ebca24047b501b40d9d82fee4,HRSD GIS Intranet Viewer,44
9c6d28fe582c4cbfaead74814a4a265a,North Shore Gravity Cleaning,2607
9c89f9c15bc240e1ba5cbfa99d2d2335,Monitoring_Locations_Meters_Gauges_Pi,29
9c99e67b6b90447fb298e0afad920400,SWIFT_SiteBuffers_PnP,99
9cef62c878cd4ebbbae02063236c0c33,AGOL_Data,25
9d032f57a529463d9123a239dc8be973,H2w0w Story Map Demo,89
9db6c088bcc041f881928e285f8a7a2f,Overflows,82
9dc9a61374cd48ba93ac97b9c7016951,workers_82ede4e6196a4268a86e148a2944e22e,25
9e0e501c9f984dcbbbcc2a019ba30847,Waste Tracking,357
9e343dad45b14b57a0436c351366ec78,USACE_PnP,25
9e71b623263f4ab18c2200794582493f,Project Construction Status - Regional Rehab,39
9eb07a87cd21480fbd15960451a275e1,SCD Real Estate Research,96
9eb09a8423a2453e9d6688a9cbc856e2,Project Status Updates - RKK,64
9eeaa90e2bbf4ddeb53d643d707f3244,Meter Editing - Flex Application,38
9f10aa2ecb5947f0b1f7fa1b3fb9a4aa,Intro to GIS Created Data,25
9f69a66bfaec4f4392867d3dab063f49,MWF QC Webmap,42
9f880808f46c48409e011fff422d355d,Portal Map,59
a0019b4bc6134996a05d9b7d3841b0d1,Interceptor_Failures_secured,396
a03601254d5c4af6ada11d5982bbf44a,P3 Facilities,327
a04e8d6f08a448e3aa07bd327bb8ecb1,SLR_Combined_InundationOnly_PnP,106
a061a5e80c704a94ad6f7bfca0b33553,Project Construction Status - AppBuilder,26
a0baf5e6b1bf4aa1abcbf2017d9093d6,HRSD Interceptor System (General Info),1136
a19ec7bdb1844b19a85c657b58da48c5,agol_data.gdb,25
a1e0b34b05db41108627f127e90ad1f9,Interceptor_InDesign_PnP,5043
a1f1f21a427d415bad68d9f84762a09e,INT_Rehabbed_AirVents_PnP,2917
a2077add8b394978a245281440e38040,CommunityEducationData,29
a23083460fcd4456bc2704227b9cdd03,assignments_82ede4e6196a4268a86e148a2944e22e,25
a24cd2e694d047b095e9be3df955502a,Vechicle Assignment,38
a307d1636f5f46cdb19e6a9f2885d571,customer_premise,43
a327d266f43b4620955c78f76f9a885b,Meter & Monitor Editing,124
a397f564afca47e5b4b15f84b8bce150,HRSD Dispatch Webmap HRSDNS - MWTST1 - TestStopsWidget v27,70
a3f761656fe64da7b209b731daa38290,HRSD Development Project Editing,417
a40dfae29a7043d49b07d6ae4c3e9798,Marina Pump Out - Public  - Dev,100
a4259f545f334c75a91cda806bfba8f8,GRID_VA811_PnP,103
a46b1f713f3a461fa7b8dd4413237846,NS_ROW_AccessPoint_edit_secure_DB4,9
a46dde8dbaa54fe6bde695d422695fb1,Monitoring PI Live Data - March 30 - New Widget,35
a4a6ca91b0164de784683a571aa9f60b,Interceptor_Failures_PnP,321
a4ab7a2be5e94fa1bd1785e7321037f9,HRSD__Interceptor_Details_PnP,725
a532e08d53464638834edd278e63bfb2,NS_INT_PM_edit_secured_DB4,176
a54c412cdfc74414b2a54242ba967923,JR Basin Map,179
a561b25bd2ff4014afbdd39e9bffcafd,STEAM Data 2,732
a5993bafb02e4f05a12a54060e153637,HRSD - CIS - Account Investigator Zones,427
a61e6bf93f824d999a8fa76c330652a6,HRSD Work Space Locator,40
a6317d5e77cc4d5ead8d2499d1af28aa,ConditionAssessment_FCAR_secured,49
a6f159d312e340fea725354bb0d938e0,Modeling_PressurePolicy,232
a7161190fd3849f4b12af9428a8d20c6,NS_INT_PS_AnnualPM_edit_secured,76
a7b184a0e6d0412f846dae17e83551dd,Project Construction Status,442
a7ccad4f4e3f4c7c875c9cddb802cc01,FieldActivitiesTest,26
a806984a0e7749f2a9120981117a81fd,Operation View -Dev,41
a81f2aa209814089a4b09b8b6f51f425,FieldWorkerApp-MWDEV1,575
a8de89dc534446b3807560140aa4211e,Valve Ops - Special Venting - SS,1768
a9a771bfef974d5cb8c21a7d0b21a2dd,NS_ROW_AccessPoint_label,169
a9e8573e2af34edda7ae5b1e8c95014b,Hydraulic Model Viewer,37
aa6989a6499747a1a46cc5d7a01ed644,PlanSheets_Engineering_PnP,8156
ab35e59ca10940049e677957bcf2c299,North Shore FMAA,880
abb055e4a90546c9bb072b77bc753b84,NS_ROW_AccessPoint_edit_secure,7
ac6094d746e74507801753d6bdad28ed,CIS_InspectorZones,567
ac6320c18ee14387a2cb192428f8a239,NS ROW Maintenance,199
aca2f5a9ce42416ab10dcc460b195d62,VA811_Buffers_PnP,39
accddb2b5a7442d6bad85e95bb53d8cf,USA_Median_Household_Income,34
acdded0da4c84008a13450e6495ce5da,STEAM Data 2,29
acef56a422854dc2842a116e392f74b2,All Stops - SS,26
ad56a6f75a664190a650e4a4ec4e4fc9,AGOL Terrain Basemap,2980
ad74c7ce5be34cb8bcaad6c1682157df,CIS - Zone Review,117
ad9515e41ab4470f953dd58900da6a94,Small Communities System Map,713
ad976c2023d54f07ba416328c65f9f8d,Surry Mark-Ups,66
aded07acb13248b1b63b56b5ab28b7a1,Field Questions or Corrections.,532
ae41171eb0154dc890674c827ec2983d,Intro to GIS Created Data,28
ae527d11a0b540afbe3116aa4b7df5e5,HRSD_basemap_mapPlex,1
aedf71c653e9436f82748780e9b618d7,DamageAssessment_Facilities,83
af3cce38ae3f436d974a8d96dbf438eb,NS_INT_ValveOps_edit_secured,2356
af80504000cc4e4a85f3709e81962198,SCD - Preventive Maintenance Log,607
af9947e4d1b04f33885e21aa7709c6d7,ServiceArea_HRSD_Public,4
b05485df1681486a8f20346ee78c2476,gisfeaturelayer_monitoringpressures,30
b19de0af97c64851a68e5a9cc319a106,WaterQuality_TSD_SamplingSites_PnP,73
b1b5df84de234ff98c7b811ca1336ecc,GPS_SmallCommunitiesQuestions_edit,299
b1b9ef6f5b24405687e680a41634165e,Biosolids Application Web App,25
b1f86e0b6da34e5392c2176d96b4cd0e,Marking_Notification_SS_edit_secured,30
b2319bbb2aea4ebc939f0c92f13f1702,DamageAssessment_Inspections_edit_AGOL2,34
b2438486d4924beea8672dbbd2e4f77b,Storm Surge Map,18
b25f2e11a4e541b68fd5eb5dfae2fafa,SS_INT_FMAA_edits_secured,35
b2e147ddf3ff4cf2a6f59dbba5240093,ProjectTracking_StatusOfConstruction,407
b372541c353640f7b71a74645f879c90,SS map,61
b45acfa3399c4e38b8aae16c38fdf926,Monitoring Data (Pi)- DAS_Working_NS,256
b56aaab7add440de982c5214e2178861,SCD_PumpStationInspections_Label,30
b5c0343ce41f4b70bef13e63f36d2df7,Extract Parcels,42
b6570c0f9f8f490b93e07836fb3b592f,Time Aware Status,54
b689c0d4eaf94a4186648e39eac49149,Created Data Map,43
b7398e5254a0451ab498cd2defa2ce24,Surry and Lawnes Point,127
b7923301e3594a50a8a26daa7585070b,FieldWorkerApp-MWTST2,162
b7b602be9e59476a87afda72228ca988,Monitoring_Flow_NoRealTime,29
b852421defae46f1bcb4dcd1becc3f6d,LandApplications_PnP,25
b8ff0aa9ba364261a0768d0a9e448e62,zone maps,32
b9038fb40aa0400a891a74b44b7093a7,Property Research - Surry,25
b914a37b3b5d4688b7f7c3215fec06a8,CCB2.5 MWWEB2 North Shore Dispatcher - Production,3618
ba8cee7ba4a34e1a9658ac470a77fd7a,SSGIS - Regional Sewer Asset Web Map,40
bb0076afbeff46d291c68522d3bcdee9,SSGIS - Data Discrepancies,37
bb1d70cf5df44894b76e505b72144671,NS_INT_GravityInspection_edit_secured_DB4,13
bb53e62fe3044d329c156b0f1aef1b68,NS_INT_GravityCleaning_edit_secured_SpecialNotes-ags2,144
bc445387085d4ee3887ba99c107ab6a6,YRTP_buildings,13
bc799f26d0844dd68ef65d6784ed0535,FieldWorkerApp-MWFS3,2356
bc812e27bb944f908030d4e126141378,SWIFT_SiteBuffers,14
bc97373df6ba422cab7b28e6a0dfc1bc,Route For Premium Services,25
bcc9c85f1bfb43b0863f7930637afb46,HRSD_Dispatcher_OperationView,444
bd1575dabdda4280a7aa133ef26edd5c,Interceptor General Map- (State Imagery),53
bd3ed4ae79d94aeeb23952b05ef41cd2,Test Map WAB,1
bd7fa33e1f404bb3b09369423008bda8,SCD_PumpStationInspections_edit_secured,45
bdb149b2ec044dad89071eebd0dba94a,SS_INT_PM_edit_secured_DB4,252
be91d39587214ba1838d7539e56c911a,intro2gis,28
be95735d20824437badbfec7762c1ad0,AI GPS Positions,24
beb28ab65ed544f49017d54bba27c628,Workspace Locator,396
bf6bca8ab2334c0c8add9a3b2e2d1b46,SWIFT Sites,7
bfb31dc1f1144faf986ca12952109a64,TEST_PubSDDraftUpload,2
bfda16a71a604b60bee4222ab1a836ca,Monitoring_Tide,340
c04824f11a5e40b995e02bb0f72d87ca,Project_Updates_RKK,33
c0bf7626bf7a481fb372bde52260504e,Interceptor General Map - Aerial Photo Default,24
c1c3206b406f44e283daa8722d5470c3,HRSD Dispatch Webmap HRSDNS - MWWEB2,11383
c2c61b10e16a4820aeb9173c36aee619,customer_premise_PnP,7826
c39619ae6d91413980b83444432288a1,York River Treatment Plant Scene,13
c3a39ce6d8474d3a8862362bf197e3ae,Something sweet,34
c40f8d0cbe6c43818df443f4429867c6,JROM Test Scenario,29
c41ee8d6efab404bbe5d3264e00d5310,AGOL Imagery Basemap,11212
c44dfea5723145659fbe6794dd6e9515,Test Map,90
c51661867ea14a2787a15ea4e9931bdb,SCD_ServiceCall_edit_secured2,34
c516f63a612f4988be630d5bed359f67,FNOD,47
c5230a97bad944b4970c6cb7eeb9b8bc,P3_sample_sites_labels,30
c5df9f9357c044ad961d439c85b23c42,Treatment Plant Symbol Labels,30
c65a347e79174b528ff1d73d6e42b578,MonitoringSites_HRSDGravity,337
c65cace417124a8bb7d62069a33eb2c0,newmonitoring_pi_to_gis_weather,30
c66f1856c0c34c888d17aee706584e37,NS_INT_FMAA_edit_secured,852
c6ffc9ab7cc84364899be39c8658c1e6,MWF Test - c6ffc9ab7cc84364899be39c8658c1e6,116
c76237ad1e3b4169aa333816ece2fdff,Intro to GIS Created Data,27
c76f507a7fe64ece89c975398b0c9267,AGOL_DATA.gdb,25
c7c3d1788a5a495b980bee41736471cc,Hilton Beach Presentation Layers - Do Not Modify,643
c7eadf194e1e4a269276c4070532ffc5,Rodney Popup Config,27
c85a9bdaa69a4934b9ff17bff80bf572,NS_INT_GravityCleaning_edit_secured_Labels-ags2,36
c86f0e6aeaf5425f80ac3326fba8e8cc,Water Sample Sites - Editor- DB4,85
caadec79e3c54bd9a15c3ff1b04a8d68,Project_Updates_RKK,103
cb9548a03f5b4b86b52784566c935e4b,Damage Assessment - Inspections,93
cc53fa3d4aef4a52ae3e559bc17c2e05,Field_Test_Polygon,28
cc5e2a404da14813923d2cbb9c0b749b,Suffolk Dispatcher - Dev,41
cc7e2a6947bc4f379705a288aad0fbc9,MonitoringSites_HRSDFacilities,462
cd87140e1a6940279449e6db0c24a2a4,Nutrient Management,57
cdd018444fad4d61aeaf96f3fd985697,Real Estate Lookup Map-Copy,38
cea3b624a0fd444bbdb8b00470f050e1,HRSD Dispatch Webmap HRSDSS - MWDEV1,663
ced9e66aa7904824ab2ecd5eaff6a092,DamageAssessment_Inspections_edit_AGOL_Service,33
cfca77c950614b9f80596d2c0d7a8f63,SSGIS_SewerAssets_HRSD-ags3,31
d001094e91b1425489f0c20fa65c6f8b,Small Communities CA MP,31
d0d5f2695eea41429e5e08be05ab43b6,Nitrogen Mass Data JR,153
d0d92918c51743cc9af58bcf580951fb,a_edit Test app,27
d0f7c86998fa4301bc8b13306c0c5f42,York River Treatment Plant Web App,12
d116160fc5184adabc5ff472bab50aa9,Sea Level Rise,25
d17c304057bf4418b7498c8a8f2fb938,P3_sample_sites_editor,31
d180e02e61c941d5892546ab8399e2a1,SCD_ServiceArea_PnP,695
d25d7437068f4f669c0dbb7c4cf14deb,Workspace Finder (tabs),89
d26334f75dd9484fa8db3760c66e6978,AGOL_Data.gdb,25
d28d9b3ffe13437e8761537d4db6df18,CMMS Assets,25
d2941de53bdf4048b283fbca72dd4d3a,HRSD Dispatch Webmap HRSDSS - MWTST1,446
d2ed55685970438e81422207a4448e3f,Hydraulic Model,806
d2f406547e7a4ad3990070050ab1d767,SS_INT_PM_edit_secured,3069
d35b9ec3f9ba4e99b6d1e40d77feb28b,TSD_StormwaterMonitoring_PnP,73
d398c2d09b1f4f44ae123dfd4367521f,SS Preventive Maintenance Map,3135
d39e1a4e00db4bdeaff33f7ad6043b26,DevelopmentProjects_PnP,7003
d49178d798bb4f769e899dc3d640a7a3,Benchmarks_PnP,1949
d4a012d16c6b4e7a8d480bf7ee56d71b,MWTST1 RM Web Map HRSD Dispatch Group,28
d4a10ad70b724753ae46fc7d12ac19ef,gis,32
d4a39f06e02b4c5fb104e7fff8ed42a2,HRSD Development Project Editing,25
d4ad5e1e402149ccb7b9a2680a4d7483,YRTP_DTM_TilePackage,11
d4bf5eeca8e247f1b2b4f096a55b4dd1,Condition Assessment (FCAR 2013),127
d4e7f6867e8f40768a457087d5ef4bb6,NS  Pumps Station and Wet Well Inspections (Offline),392
d5770378234042f78d1d7a7536f66687,JROM_Results_TestFileData,59
d5834837cfdd43dca8dea38e594a1904,Intro 2 GIS Scene,26
d5b0c93b15274d749cb736dc081fafa3,P3 Sample Sites and Meter - Editor,83
d66cc46f3ae44160b069c2dfe37a5b1d,TSD_Odor_ComplaintsSampling_edit_DB4,14
d72f9350d2d247ae8f6c9c9832389af7,FMAA -NS 2016 - Ongoing Status,25
d772858fc522405f93148f68cce59fe0,SCD_ServiceCall_History_secured,35
d7de961694fa4f47873b4aa2d5e1c2fa,Workspace Finder,25
d915b990b0544b5e958a8071c147c29c,Damage Assessment Inspections,216
da4222ba878b42ee89dbff81497ee545,newmonitoring_pi_to_gis_pressure,31
da8fc35e352f4f55901c125ff3c8a861,JR Basin Data,259
db6c06b904104e058556001014f674ba,Surry_ParcelResearch_edit_secured,40
db72b50294e64d6f88c02126af28cbca,All Stops_old,26
dbf3bdaad3e5499d8d1db4ec735e5d2f,Something sweet,25
dc0baefb0df1460e873664ed02b21f76,Test Project,26
dd7836d234ad47518ae28f79fc563beb,PI Integrator for Esri ArcGIS 2015 - Widgets Add-in to Operations Dashboard for Esri ArcGIS,29
ddad92bb2284437ab9c3010ea2030684,SAs_Master.2017.01.gdb,26
ddb49213b57c462f86bdaeb1e46da8be,SCD_Polygons,27
de8bc356069b4bdebe844b6ec91cfee2,ServiceArea_TreatmentPlant_PnP,315
dea900c2e76f44d095a305f1bd29f33b,LOCALITY_Sewer_secured-ags3,391
debd107f0a2f4ed0bfba6d1b4c8c8c16,CIS,11
df48cafcd17c4c2182a1b1161d54b4af,Flood and Hurricane Surge Map,119
df874277fd424824b36b845dc284a184,SCD_PM_edit_secured,207
dfa7b373654a48a1b5bc2f67cd591e47,Stops,460
dffc83b059dd459ebf28d1bc2cb62d6f,Interceptor General Map,12515
e02e42bccda94277aa3b5c706f3de72c,LOCALITY_Sewer_PnP,8199
e031bc68d8ff486198cb863d1fe0c74a,Monitoring_Locations_HRSD_Pi,28
e0481ea420674368b4ce0fad610f4e85,Hilton Beach Monitoring and Source Tracking 2014 - 2015,1033
e09ff51c5cc048b796dfe367af4df3ea,HRGeo_Parcels_secured 1,62
e0b6fcdc335d4d3d89089c507ebaf355,TP - Atlantic,28
e0c21483293e447e87d469edfc7ac9f1,FloodInsuredFacilities_AGOL,42
e0d6738cf85546e2acd258e593989eb6,Odor Complaints - Sampling,87
e12bf6f9690a49bb9f9dd9f3703a599b,Real Estate Lookup,233
e1684033bb284a98afb2a41a8afa0033,CMMS_AssetDetail_secured,72
e168cf7dff1d4b69917e806964e2627a,TEST Project Construction Status,1
e21b1d007db6453e8b0585d2e7696974,Monitoring_LocationsMetersGauges_PnP,7879
e220a449c27445cc98c4b26928f1ab19,CIS_InspectorZonesMarkUp_edit,69
e223cab8b01c45308d5e7091b5c88dff,GRID_VA811_secured,20
e247d0f5cfd64a3aa510fb7dc6bf9b33,NS_INT_PM_edit_secured,3446
e26b69c99de74100af6ad7775f9e7a39,Field Activity Test,39
e2b57afefe0246a59b77b0f7fb2025ed,Meter & Monitor Editing,97
e2cb189e51fe4bc1a2b2c36489dda87a,Overflows_Locality_Secured,45
e2f5ea006ee443d891f9ce363431430b,MWF Service / Travel Time,95
e30f38522601408086ade72b44963b81,Surry_Redlines,43
e33368ae6f994c9fbb6b511ed0b8b2f2,VA811_Polys_HRSD33_PnP,101
e34544c633b44a1b82048d79bd6b5693,YRTP_buildings,21
e34b77672b4d4fa6920243950ecc4031,DamageAssessment_Inspections_edit_AGOL_Service,36
e35e8f3d025149f39126728272ef11d8,HRSD Basemap,32
e4103a762dbb40f5a4c6479b2f6b27ae,SCADA Sites,156
e47e839cb277418e8a2b0c281099a7f3,AGOL_Data,25
e546042ffb2240c0afa467204c51196a,All Stops - NS,492
e575bfb21b06430a98febc1d9d9891f8,SSGIS_Projects_Status_Rehab,252
e5ce7389beb849da9b6487ad9528c40a,Vehicle Assignments,48
e613b6e9fcfe43b2a172ce97f420f55f,North Shore Gravity Inspection,1338
e61e1b7a10bf4aa48c2516180e02ce80,crated data map,41
e641f4fc7cc443fa9a11170ec2054787,WaterQuality_TSD_MarinaSite_edit_secured,79
e6599b1b9e77400e9aa4149d2241c8f0,Utility Locator Map,7
e66cdf296cdd4ec99081a2812bd30d3a,SCD_Parcels_PnP,67
e76563383ce444dca1e104b694b79e4a,Utility Marking Notification - NS,14
e7948aff0edb41bb93e68fa15cd4db50,FloodInsuredFacilities_PnP,113
e8194a8f89824bc289fdc8e1c28e7853,HRSD Dispatch Webmap SUFFOLK - MWTST1,71
e837d1004f8f4496883e64d77734cca6,REL_SCD_PM_Assets_edit_secured,559
e86e4f66455540688722d306cfad257b,JROM Test Scenario,42
e8bd46236d114330b98d390c28beeb40,JR Basin,7
e917615f84424a76b543ea75b5ef6de7,Wells_Drinking_400ftDepth,4
e94cbac4141d4b1d9c1d6b81dfd33ce1,Field Activity Test Map,50
e9da5d2111b64cd794bf2def3a963a80,LocationTracking,211
ea761477e21d4043bb1aacb63c6df2d9,HRSD Dispatch Webmap HRSDSS - MWWEB2,11745
eb343cd794464024bc2d276701720f1e,HRGeo_Parcels,14
eb6c9e073e444d4b934fe2c54fa47ba8,Surry_SewerInfrastructure_secured,5600
ed48bced0eed4084beb9226aa784057c,Intro to GIS Created Data,26
ed4a262ac9884e7a9fcd89531400f254,ROW_Maintenance_PnP,6928
ede0ec46a3e5465fad2313bdc43afb88,Propsed Alignment,36
eeb0192b2ccb452bad82aa66bbf0ea0e,FloodInsuredFacilities_AGOL,31
eee680813eb04c3795378c6d7c6f40be,Property_RealEstateDocs_PnP,7562
eee76c3f45a74e2ba410c8c634dba5d2,SWIFT Sites,176
ef684b4cae2d40ce9302d90933daa7da,Intro to GIS,27
efe5314d8a794bd99c5b4766093a8109,JR Basin Data,8
f0f36334d9d64b95a4176cfbf9f2d555,SS_INT_ValveOps_edit_secured_DB4,129
f15efd12d9754f098edc97934206cba6,Monitoring PI Live Data - (LLS Version) - SS,60
f2127d7ebb804f8a9e3f4035f7110763,Hampton Roads Sanitation District,1760
f223212b32734a0f846baf41169eef8c,created data map-Copy,27
f2326a46b51b4bafb78c4cc45926719c,NS_INT_ValveOps_edit_secured_DB4,18
f248fd253e304ec7858c41d45296d1a7,WebMapDB4,14
f29afda3f509422ea38d6aab161d1d90,SWIFT_PrivateWells_VDH_PnP,56
f3540bec66734dfc8ae243118988c1ff,Treatment Plant Piping -By Diameter,45
f3c2e580837d447087aedabe9bbb2d1d,PI Integrator for Esri ArcGIS 2015 - Widgets Add-in to Operations Dashboard for Esri ArcGIS,27
f3eefdeb997b471b9e8f6daacb95432f,Locality Parcels (secured),7638
f3f85046d169438594c7eeb9ef5f89d7,payment_locations,14
f4617086854e4787929336aa246b8ed1,Parcels,28
f4ac5ff01b25428e8931ff9ee39afa85,Overflow Editor (SSO),34
f4c3bd253ce844fe9215045060f6e37f,SCD_Customers_CCB,127
f5647c9be4ad47bb8167f1fd68d8981a,TP - York River,18
f5ddc36d8f12483fbe9a72d56ba3a884,INT_ConditionAssessment_FM2016_NS_PnP,26
f608dc2081f54f1faa01da2aa2835197,DPU_CIB_Projects,6456
f610a4ffe03040b2ad7cbba161b502a8,Monitoring_Locations_Meters_Gauges,487
f6cb06e6e7274c81ad65fb27b8782349,Project Notifications - SS Ops,32
f71f8bad7f0d4dd281ac150506d7ba9e,Created Data Map,44
f74d2a9c665648bda65b4e822cdd81c0,Monitoring PI Live Data,68
f844de17c2df4690bfa213622ff3bebd,ValveGuides_PnP,7760
f858c1cf7d874ebe94f0d69f2e5c8b54,NS_PM_PSWW_edit_secured2,31
f94b8abc1af3464993a50c05f9f6dbd8,CIP_Projects,35
fa0e4d3c31c54975a1a901b5362a6f3d,Hydraulic Model,25
fb323b46840e42239e90304a45fd7c92,CIP_Projects,80
fc090be020af466b9d04069fdf88b8a1,Interceptor System Map,7132
fc32c22c4a6145eab921db9c9272d10a,Test Project_workers,26
fc89db201afa40fcace6ebaf44494829,Real Estate Lookup Map,279
fda2715c325f430bb37b74abbd1d2852,CMMS Assets,152
fda9164664cd4ab3ac5dbd8a12ea15a4,MWTST1 -- HRSD Dispatch Webmap HRSDNS - CCB25 TEST,12
febf69fcf85c43fda0ef122a26ab3904,P3_Meters_PnP,282
ffdef9e4038a43d0a9ec3378535d97e9,AGOL Streets Basemap,8897
